[
  {"name":"Afganistán","slug":"afganistan","continentSlug":"asia"},
  {"name":"Albania","slug":"albania","continentSlug":"europa"},
  {"name":"Alemania","slug":"alemania","continentSlug":"europa"},
  {"name":"Andorra","slug":"andorra","continentSlug":"europa"},
  {"name":"Angola","slug":"angola","continentSlug":"africa"},
  {"name":"Anguila","slug":"anguila","continentSlug":"america"},
  {"name":"Antártida","slug":"antartida","continentSlug":"oceania"},
  {"name":"Antigua y Barbuda","slug":"antigua-y-barbuda","continentSlug":"america"},
  {"name":"Arabia Saudita","slug":"arabia-saudita","continentSlug":"asia"},
  {"name":"Argelia","slug":"argelia","continentSlug":"africa"},
  {"name":"Argentina","slug":"argentina","continentSlug":"america"},
  {"name":"Armenia","slug":"armenia","continentSlug":"asia"},
  {"name":"Aruba","slug":"aruba","continentSlug":"america"},
  {"name":"Australia","slug":"australia","continentSlug":"oceania"},
  {"name":"Austria","slug":"austria","continentSlug":"europa"},
  {"name":"Azerbaiyán","slug":"azerbaiyan","continentSlug":"asia"},
  {"name":"Bahamas","slug":"bahamas","continentSlug":"america"},
  {"name":"Bangladés","slug":"banglades","continentSlug":"asia"},
  {"name":"Baréin","slug":"barein","continentSlug":"asia"},
  {"name":"Barbados","slug":"barbados","continentSlug":"america"},
  {"name":"Bélgica","slug":"belgica","continentSlug":"europa"},
  {"name":"Belice","slug":"belice","continentSlug":"america"},
  {"name":"Benín","slug":"benin","continentSlug":"africa"},
  {"name":"Bermudas","slug":"bermudas","continentSlug":"america"},
  {"name":"Bielorrusia","slug":"bielorrusia","continentSlug":"europa"},
  {"name":"Bolivia","slug":"bolivia","continentSlug":"america"},
  {"name":"Bonaire","slug":"bonaire","continentSlug":"america"},
  {"name":"Bosnia y Herzegovina","slug":"bosnia-y-herzegovina","continentSlug":"europa"},
  {"name":"Botsuana","slug":"botsuana","continentSlug":"africa"},
  {"name":"Brasil","slug":"brasil","continentSlug":"america"},
  {"name":"Brunéi","slug":"brunei","continentSlug":"asia"},
  {"name":"Bulgaria","slug":"bulgaria","continentSlug":"europa"},
  {"name":"Burkina Faso","slug":"burkina-faso","continentSlug":"africa"},
  {"name":"Burundi","slug":"burundi","continentSlug":"africa"},
  {"name":"Bután","slug":"butan","continentSlug":"asia"},
  {"name":"Cabo Verde","slug":"cabo-verde","continentSlug":"africa"},
  {"name":"Camboya","slug":"camboya","continentSlug":"asia"},
  {"name":"Camerún","slug":"camerun","continentSlug":"africa"},
  {"name":"Canadá","slug":"canada","continentSlug":"america"},
  {"name":"Catar","slug":"catar","continentSlug":"asia"},
  {"name":"Chad","slug":"chad","continentSlug":"africa"},
  {"name":"Chile","slug":"chile","continentSlug":"america"},
  {"name":"China","slug":"china","continentSlug":"asia"},
  {"name":"Chipre","slug":"chipre","continentSlug":"asia"},
  {"name":"Colombia","slug":"colombia","continentSlug":"america"},
  {"name":"Comoras","slug":"comoras","continentSlug":"africa"},
  {"name":"Congo","slug":"congo","continentSlug":"africa"},
  {"name":"Corea del Norte","slug":"corea-del-norte","continentSlug":"asia"},
  {"name":"Corea del Sur","slug":"corea-del-sur","continentSlug":"asia"},
  {"name":"Costa de Marfil","slug":"costa-de-marfil","continentSlug":"africa"},
  {"name":"Costa Rica","slug":"costa-rica","continentSlug":"america"},
  {"name":"Croacia","slug":"croacia","continentSlug":"europa"},
  {"name":"Cuba","slug":"cuba","continentSlug":"america"},
  {"name":"Curazao","slug":"curazao","continentSlug":"america"},
  {"name":"Dinamarca","slug":"dinamarca","continentSlug":"europa"},
  {"name":"Dominica","slug":"dominica","continentSlug":"america"},
  {"name":"Ecuador","slug":"ecuador","continentSlug":"america"},
  {"name":"Egipto","slug":"egipto","continentSlug":"africa"},
  {"name":"El Salvador","slug":"el-salvador","continentSlug":"america"},
  {"name":"Emiratos Árabes Unidos","slug":"emiratos-arabes-unidos","continentSlug":"asia"},
  {"name":"Eritrea","slug":"eritrea","continentSlug":"africa"},
  {"name":"Eslovaquia","slug":"eslovaquia","continentSlug":"europa"},
  {"name":"Eslovenia","slug":"eslovenia","continentSlug":"europa"},
  {"name":"España","slug":"espana","continentSlug":"europa"},
  {"name":"Estados Unidos","slug":"estados-unidos","continentSlug":"america"},
  {"name":"Estonia","slug":"estonia","continentSlug":"europa"},
  {"name":"Esuatini","slug":"esuatini","continentSlug":"africa"},
  {"name":"Etiopía","slug":"etiopia","continentSlug":"africa"},
  {"name":"Filipinas","slug":"filipinas","continentSlug":"asia"},
  {"name":"Finlandia","slug":"finlandia","continentSlug":"europa"},
  {"name":"Fiyi","slug":"fiyi","continentSlug":"oceania"},
  {"name":"Francia","slug":"francia","continentSlug":"europa"},
  {"name":"Gabón","slug":"gabon","continentSlug":"africa"},
  {"name":"Gambia","slug":"gambia","continentSlug":"africa"},
  {"name":"Georgia","slug":"georgia","continentSlug":"asia"},
  {"name":"Ghana","slug":"ghana","continentSlug":"africa"},
  {"name":"Gibraltar","slug":"gibraltar","continentSlug":"europa"},
  {"name":"Granada","slug":"granada","continentSlug":"america"},
  {"name":"Grecia","slug":"grecia","continentSlug":"europa"},
  {"name":"Groenlandia","slug":"groenlandia","continentSlug":"america"},
  {"name":"Guadalupe","slug":"guadalupe","continentSlug":"america"},
  {"name":"Guam","slug":"guam","continentSlug":"oceania"},
  {"name":"Guatemala","slug":"guatemala","continentSlug":"america"},
  {"name":"Guayana Francesa","slug":"guayana-francesa","continentSlug":"america"},
  {"name":"Guernsey","slug":"guernsey","continentSlug":"europa"},
  {"name":"Guinea","slug":"guinea","continentSlug":"africa"},
  {"name":"Guinea-Bisáu","slug":"guinea-bisau","continentSlug":"africa"},
  {"name":"Guinea Ecuatorial","slug":"guinea-ecuatorial","continentSlug":"africa"},
  {"name":"Guyana","slug":"guyana","continentSlug":"america"},
  {"name":"Haití","slug":"haiti","continentSlug":"america"},
  {"name":"Honduras","slug":"honduras","continentSlug":"america"},
  {"name":"Hong Kong","slug":"hong-kong","continentSlug":"asia"},
  {"name":"Hungría","slug":"hungria","continentSlug":"europa"},
  {"name":"Islandia","slug":"islandia","continentSlug":"europa"},
  {"name":"India","slug":"india","continentSlug":"asia"},
  {"name":"Indonesia","slug":"indonesia","continentSlug":"asia"},
  {"name":"Irak","slug":"irak","continentSlug":"asia"},
  {"name":"Irán","slug":"iran","continentSlug":"asia"},
  {"name":"Irlanda","slug":"irlanda","continentSlug":"europa"},
  {"name":"Isla Bouvet","slug":"isla-bouvet","continentSlug":"oceania"},
  {"name":"Isla de Navidad","slug":"isla-de-navidad","continentSlug":"oceania"},
  {"name":"Isla Norfolk","slug":"isla-norfolk","continentSlug":"oceania"},
  {"name":"Isla de Man","slug":"isla-de-man","continentSlug":"europa"},
  {"name":"Isla Heard y McDonald","slug":"isla-heard-y-mcdonald","continentSlug":"oceania"},
  {"name":"Islas Åland","slug":"islas-aland","continentSlug":"europa"},
  {"name":"Islas Caimán","slug":"islas-caiman","continentSlug":"america"},
  {"name":"Islas Cocos","slug":"islas-cocos","continentSlug":"oceania"},
  {"name":"Islas Cook","slug":"islas-cook","continentSlug":"oceania"},
  {"name":"Islas Feroe","slug":"islas-feroe","continentSlug":"europa"},
  {"name":"Islas Georgias del Sur y Sandwich del Sur","slug":"islas-georgias-del-sur-y-sandwich-del-sur","continentSlug":"america"},
  {"name":"Islas Malvinas","slug":"islas-malvinas","continentSlug":"america"},
  {"name":"Islas Marianas del Norte","slug":"islas-marianas-del-norte","continentSlug":"oceania"},
  {"name":"Islas Marshall","slug":"islas-marshall","continentSlug":"oceania"},
  {"name":"Islas Pitcairn","slug":"islas-pitcairn","continentSlug":"oceania"},
  {"name":"Islas Salomón","slug":"islas-salomon","continentSlug":"oceania"},
  {"name":"Islas Turcas y Caicos","slug":"islas-turcas-y-caicos","continentSlug":"america"},
  {"name":"Islas Vírgenes Británicas","slug":"islas-virgenes-britanicas","continentSlug":"america"},
  {"name":"Islas Vírgenes de EE. UU.","slug":"islas-virgenes-eeuu","continentSlug":"america"},
  {"name":"Islas Ultramarinas Menores de EE. UU.","slug":"islas-ultramarinas-menores-de-eeuu","continentSlug":"oceania"},
  {"name":"Islas Wallis y Futuna","slug":"islas-wallis-y-futuna","continentSlug":"oceania"},
  {"name":"Israel","slug":"israel","continentSlug":"asia"},
  {"name":"Italia","slug":"italia","continentSlug":"europa"},
  {"name":"Jamaica","slug":"jamaica","continentSlug":"america"},
  {"name":"Japón","slug":"japon","continentSlug":"asia"},
  {"name":"Jersey","slug":"jersey","continentSlug":"europa"},
  {"name":"Jordania","slug":"jordania","continentSlug":"asia"},
  {"name":"Kazajistán","slug":"kazajistan","continentSlug":"asia"},
  {"name":"Kenia","slug":"kenia","continentSlug":"africa"},
  {"name":"Kirguistán","slug":"kirguistan","continentSlug":"asia"},
  {"name":"Kiribati","slug":"kiribati","continentSlug":"oceania"},
  {"name":"Kuwait","slug":"kuwait","continentSlug":"asia"},
  {"name":"Laos","slug":"laos","continentSlug":"asia"},
  {"name":"Lesoto","slug":"lesoto","continentSlug":"africa"},
  {"name":"Letonia","slug":"letonia","continentSlug":"europa"},
  {"name":"Líbano","slug":"libano","continentSlug":"asia"},
  {"name":"Liberia","slug":"liberia","continentSlug":"africa"},
  {"name":"Libia","slug":"libia","continentSlug":"africa"},
  {"name":"Liechtenstein","slug":"liechtenstein","continentSlug":"europa"},
  {"name":"Lituania","slug":"lituania","continentSlug":"europa"},
  {"name":"Luxemburgo","slug":"luxemburgo","continentSlug":"europa"},
  {"name":"Macao","slug":"macao","continentSlug":"asia"},
  {"name":"Macedonia del Norte","slug":"macedonia-del-norte","continentSlug":"europa"},
  {"name":"Madagascar","slug":"madagascar","continentSlug":"africa"},
  {"name":"Malasia","slug":"malasia","continentSlug":"asia"},
  {"name":"Malaui","slug":"malaui","continentSlug":"africa"},
  {"name":"Maldivas","slug":"maldivas","continentSlug":"asia"},
  {"name":"Mali","slug":"mali","continentSlug":"africa"},
  {"name":"Malta","slug":"malta","continentSlug":"europa"},
  {"name":"Marruecos","slug":"marruecos","continentSlug":"africa"},
  {"name":"Martinica","slug":"martinica","continentSlug":"america"},
  {"name":"Mauricio","slug":"mauricio","continentSlug":"africa"},
  {"name":"Mauritania","slug":"mauritania","continentSlug":"africa"},
  {"name":"Mayotte","slug":"mayotte","continentSlug":"africa"},
  {"name":"México","slug":"mexico","continentSlug":"america"},
  {"name":"Micronesia","slug":"micronesia","continentSlug":"oceania"},
  {"name":"Moldavia","slug":"moldavia","continentSlug":"europa"},
  {"name":"Mónaco","slug":"monaco","continentSlug":"europa"},
  {"name":"Mongolia","slug":"mongolia","continentSlug":"asia"},
  {"name":"Montenegro","slug":"montenegro","continentSlug":"europa"},
  {"name":"Montserrat","slug":"montserrat","continentSlug":"america"},
  {"name":"Mozambique","slug":"mozambique","continentSlug":"africa"},
  {"name":"Myanmar","slug":"myanmar","continentSlug":"asia"},
  {"name":"Namibia","slug":"namibia","continentSlug":"africa"},
  {"name":"Nauru","slug":"nauru","continentSlug":"oceania"},
  {"name":"Nepal","slug":"nepal","continentSlug":"asia"},
  {"name":"Nicaragua","slug":"nicaragua","continentSlug":"america"},
  {"name":"Níger","slug":"niger","continentSlug":"africa"},
  {"name":"Nigeria","slug":"nigeria","continentSlug":"africa"},
  {"name":"Niue","slug":"niue","continentSlug":"oceania"},
  {"name":"Noruega","slug":"noruega","continentSlug":"europa"},
  {"name":"Nueva Caledonia","slug":"nueva-caledonia","continentSlug":"oceania"},
  {"name":"Nueva Zelanda","slug":"nueva-zelanda","continentSlug":"oceania"},
  {"name":"Omán","slug":"oman","continentSlug":"asia"},
  {"name":"Países Bajos","slug":"paises-bajos","continentSlug":"europa"},
  {"name":"Pakistán","slug":"pakistan","continentSlug":"asia"},
  {"name":"Palaos","slug":"palaos","continentSlug":"oceania"},
  {"name":"Palestina","slug":"palestina","continentSlug":"asia"},
  {"name":"Panamá","slug":"panama","continentSlug":"america"},
  {"name":"Papúa Nueva Guinea","slug":"papua-nueva-guinea","continentSlug":"oceania"},
  {"name":"Paraguay","slug":"paraguay","continentSlug":"america"},
  {"name":"Perú","slug":"peru","continentSlug":"america"},
  {"name":"Polinesia Francesa","slug":"polinesia-francesa","continentSlug":"oceania"},
  {"name":"Polonia","slug":"polonia","continentSlug":"europa"},
  {"name":"Portugal","slug":"portugal","continentSlug":"europa"},
  {"name":"Puerto Rico","slug":"puerto-rico","continentSlug":"america"},
  {"name":"Reino Unido","slug":"reino-unido","continentSlug":"europa"},
  {"name":"República Centroafricana","slug":"republica-centroafricana","continentSlug":"africa"},
  {"name":"República Checa","slug":"republica-checa","continentSlug":"europa"},
  {"name":"República Democrática del Congo","slug":"republica-democratica-del-congo","continentSlug":"africa"},
  {"name":"República Dominicana","slug":"republica-dominicana","continentSlug":"america"},
  {"name":"Reunión","slug":"reunion","continentSlug":"africa"},
  {"name":"Ruanda","slug":"ruanda","continentSlug":"africa"},
  {"name":"Rumanía","slug":"rumania","continentSlug":"europa"},
  {"name":"Rusia","slug":"rusia","continentSlug":"europa"},
  {"name":"Sáhara Occidental","slug":"sahara-occidental","continentSlug":"africa"},
  {"name":"Samoa","slug":"samoa","continentSlug":"oceania"},
  {"name":"Samoa Americana","slug":"samoa-americana","continentSlug":"oceania"},
  {"name":"San Bartolomé","slug":"san-bartolome","continentSlug":"america"},
  {"name":"San Cristóbal y Nieves","slug":"san-cristobal-y-nieves","continentSlug":"america"},
  {"name":"San Marino","slug":"san-marino","continentSlug":"europa"},
  {"name":"San Martín","slug":"san-martin","continentSlug":"america"},
  {"name":"San Pedro y Miquelón","slug":"san-pedro-y-miquelon","continentSlug":"america"},
  {"name":"San Vicente y las Granadinas","slug":"san-vicente-y-las-granadinas","continentSlug":"america"},
  {"name":"Santa Elena","slug":"santa-elena","continentSlug":"africa"},
  {"name":"Santa Lucía","slug":"santa-lucia","continentSlug":"america"},
  {"name":"Santo Tomé y Príncipe","slug":"santo-tome-y-principe","continentSlug":"africa"},
  {"name":"Senegal","slug":"senegal","continentSlug":"africa"},
  {"name":"Serbia","slug":"serbia","continentSlug":"europa"},
  {"name":"Seychelles","slug":"seychelles","continentSlug":"africa"},
  {"name":"Sierra Leona","slug":"sierra-leona","continentSlug":"africa"},
  {"name":"Singapur","slug":"singapur","continentSlug":"asia"},
  {"name":"Sint Maarten","slug":"sint-maarten","continentSlug":"america"},
  {"name":"Siria","slug":"siria","continentSlug":"asia"},
  {"name":"Somalia","slug":"somalia","continentSlug":"africa"},
  {"name":"Sri Lanka","slug":"sri-lanka","continentSlug":"asia"},
  {"name":"Sudáfrica","slug":"sudafrica","continentSlug":"africa"},
  {"name":"Sudán","slug":"sudan","continentSlug":"africa"},
  {"name":"Sudán del Sur","slug":"sudan-del-sur","continentSlug":"africa"},
  {"name":"Suecia","slug":"suecia","continentSlug":"europa"},
  {"name":"Suiza","slug":"suiza","continentSlug":"europa"},
  {"name":"Surinam","slug":"surinam","continentSlug":"america"},
  {"name":"Svalbard y Jan Mayen","slug":"svalbard-y-jan-mayen","continentSlug":"europa"},
  {"name":"Tailandia","slug":"tailandia","continentSlug":"asia"},
  {"name":"Taiwán","slug":"taiwan","continentSlug":"asia"},
  {"name":"Tanzania","slug":"tanzania","continentSlug":"africa"},
  {"name":"Tayikistán","slug":"tayikistan","continentSlug":"asia"},
  {"name":"Territorio Británico del Océano Índico","slug":"territorio-britanico-del-oceano-indico","continentSlug":"asia"},
  {"name":"Territorios Australes Franceses","slug":"territorios-australes-franceses","continentSlug":"oceania"},
  {"name":"Timor Oriental","slug":"timor-oriental","continentSlug":"asia"},
  {"name":"Togo","slug":"togo","continentSlug":"africa"},
  {"name":"Tokelau","slug":"tokelau","continentSlug":"oceania"},
  {"name":"Tonga","slug":"tonga","continentSlug":"oceania"},
  {"name":"Trinidad y Tobago","slug":"trinidad-y-tobago","continentSlug":"america"},
  {"name":"Túnez","slug":"tunez","continentSlug":"africa"},
  {"name":"Turkmenistán","slug":"turkmenistan","continentSlug":"asia"},
  {"name":"Turquía","slug":"turquia","continentSlug":"asia"},
  {"name":"Tuvalu","slug":"tuvalu","continentSlug":"oceania"},
  {"name":"Ucrania","slug":"ucrania","continentSlug":"europa"},
  {"name":"Uganda","slug":"uganda","continentSlug":"africa"},
  {"name":"Uruguay","slug":"uruguay","continentSlug":"america"},
  {"name":"Uzbekistán","slug":"uzbekistan","continentSlug":"asia"},
  {"name":"Vanuatu","slug":"vanuatu","continentSlug":"oceania"},
  {"name":"Vaticano","slug":"vaticano","continentSlug":"europa"},
  {"name":"Venezuela","slug":"venezuela","continentSlug":"america"},
  {"name":"Vietnam","slug":"vietnam","continentSlug":"asia"},
  {"name":"Yemen","slug":"yemen","continentSlug":"asia"},
  {"name":"Yibuti","slug":"yibuti","continentSlug":"africa"},
  {"name":"Zambia","slug":"zambia","continentSlug":"africa"},
  {"name":"Zimbabue","slug":"zimbabue","continentSlug":"africa"}
]
